{
    "node-red": {
        "name": "node-red",
        "version": "2.2.3",
        "local": false,
        "user": false,
        "nodes": {
            "inject": {
                "name": "inject",
                "types": [
                    "inject"
                ],
                "enabled": true,
                "local": false,
                "user": false,
                "module": "node-red",
                "file": "/usr/src/node-red/node_modules/@node-red/nodes/core/common/20-inject.js"
            },
            "debug": {
                "name": "debug",
                "types": [
                    "debug"
                ],
                "enabled": true,
                "local": false,
                "user": false,
                "module": "node-red",
                "file": "/usr/src/node-red/node_modules/@node-red/nodes/core/common/21-debug.js"
            },
            "complete": {
                "name": "complete",
                "types": [
                    "complete"
                ],
                "enabled": true,
                "local": false,
                "user": false,
                "module": "node-red",
                "file": "/usr/src/node-red/node_modules/@node-red/nodes/core/common/24-complete.js"
            },
            "catch": {
                "name": "catch",
                "types": [
                    "catch"
                ],
                "enabled": true,
                "local": false,
                "user": false,
                "module": "node-red",
                "file": "/usr/src/node-red/node_modules/@node-red/nodes/core/common/25-catch.js"
            },
            "status": {
                "name": "status",
                "types": [
                    "status"
                ],
                "enabled": true,
                "local": false,
                "user": false,
                "module": "node-red",
                "file": "/usr/src/node-red/node_modules/@node-red/nodes/core/common/25-status.js"
            },
            "link": {
                "name": "link",
                "types": [
                    "link in",
                    "link out",
                    "link call"
                ],
                "enabled": true,
                "local": false,
                "user": false,
                "module": "node-red",
                "file": "/usr/src/node-red/node_modules/@node-red/nodes/core/common/60-link.js"
            },
            "comment": {
                "name": "comment",
                "types": [
                    "comment"
                ],
                "enabled": true,
                "local": false,
                "user": false,
                "module": "node-red",
                "file": "/usr/src/node-red/node_modules/@node-red/nodes/core/common/90-comment.js"
            },
            "unknown": {
                "name": "unknown",
                "types": [
                    "unknown"
                ],
                "enabled": true,
                "local": false,
                "user": false,
                "module": "node-red",
                "file": "/usr/src/node-red/node_modules/@node-red/nodes/core/common/98-unknown.js"
            },
            "function": {
                "name": "function",
                "types": [
                    "function"
                ],
                "enabled": true,
                "local": false,
                "user": false,
                "module": "node-red",
                "file": "/usr/src/node-red/node_modules/@node-red/nodes/core/function/10-function.js"
            },
            "switch": {
                "name": "switch",
                "types": [
                    "switch"
                ],
                "enabled": true,
                "local": false,
                "user": false,
                "module": "node-red",
                "file": "/usr/src/node-red/node_modules/@node-red/nodes/core/function/10-switch.js"
            },
            "change": {
                "name": "change",
                "types": [
                    "change"
                ],
                "enabled": true,
                "local": false,
                "user": false,
                "module": "node-red",
                "file": "/usr/src/node-red/node_modules/@node-red/nodes/core/function/15-change.js"
            },
            "range": {
                "name": "range",
                "types": [
                    "range"
                ],
                "enabled": true,
                "local": false,
                "user": false,
                "module": "node-red",
                "file": "/usr/src/node-red/node_modules/@node-red/nodes/core/function/16-range.js"
            },
            "template": {
                "name": "template",
                "types": [
                    "template"
                ],
                "enabled": true,
                "local": false,
                "user": false,
                "module": "node-red",
                "file": "/usr/src/node-red/node_modules/@node-red/nodes/core/function/80-template.js"
            },
            "delay": {
                "name": "delay",
                "types": [
                    "delay"
                ],
                "enabled": true,
                "local": false,
                "user": false,
                "module": "node-red",
                "file": "/usr/src/node-red/node_modules/@node-red/nodes/core/function/89-delay.js"
            },
            "trigger": {
                "name": "trigger",
                "types": [
                    "trigger"
                ],
                "enabled": true,
                "local": false,
                "user": false,
                "module": "node-red",
                "file": "/usr/src/node-red/node_modules/@node-red/nodes/core/function/89-trigger.js"
            },
            "exec": {
                "name": "exec",
                "types": [
                    "exec"
                ],
                "enabled": true,
                "local": false,
                "user": false,
                "module": "node-red",
                "file": "/usr/src/node-red/node_modules/@node-red/nodes/core/function/90-exec.js"
            },
            "rbe": {
                "name": "rbe",
                "types": [
                    "rbe"
                ],
                "enabled": true,
                "local": false,
                "user": false,
                "module": "node-red",
                "file": "/usr/src/node-red/node_modules/@node-red/nodes/core/function/rbe.js"
            },
            "tls": {
                "name": "tls",
                "types": [
                    "tls-config"
                ],
                "enabled": true,
                "local": false,
                "user": false,
                "module": "node-red",
                "file": "/usr/src/node-red/node_modules/@node-red/nodes/core/network/05-tls.js"
            },
            "httpproxy": {
                "name": "httpproxy",
                "types": [
                    "http proxy"
                ],
                "enabled": true,
                "local": false,
                "user": false,
                "module": "node-red",
                "file": "/usr/src/node-red/node_modules/@node-red/nodes/core/network/06-httpproxy.js"
            },
            "mqtt": {
                "name": "mqtt",
                "types": [
                    "mqtt in",
                    "mqtt out",
                    "mqtt-broker"
                ],
                "enabled": true,
                "local": false,
                "user": false,
                "module": "node-red",
                "file": "/usr/src/node-red/node_modules/@node-red/nodes/core/network/10-mqtt.js"
            },
            "httpin": {
                "name": "httpin",
                "types": [
                    "http in",
                    "http response"
                ],
                "enabled": true,
                "local": false,
                "user": false,
                "module": "node-red",
                "file": "/usr/src/node-red/node_modules/@node-red/nodes/core/network/21-httpin.js"
            },
            "httprequest": {
                "name": "httprequest",
                "types": [
                    "http request"
                ],
                "enabled": true,
                "local": false,
                "user": false,
                "module": "node-red",
                "file": "/usr/src/node-red/node_modules/@node-red/nodes/core/network/21-httprequest.js"
            },
            "websocket": {
                "name": "websocket",
                "types": [
                    "websocket in",
                    "websocket out",
                    "websocket-listener",
                    "websocket-client"
                ],
                "enabled": true,
                "local": false,
                "user": false,
                "module": "node-red",
                "file": "/usr/src/node-red/node_modules/@node-red/nodes/core/network/22-websocket.js"
            },
            "tcpin": {
                "name": "tcpin",
                "types": [
                    "tcp in",
                    "tcp out",
                    "tcp request"
                ],
                "enabled": true,
                "local": false,
                "user": false,
                "module": "node-red",
                "file": "/usr/src/node-red/node_modules/@node-red/nodes/core/network/31-tcpin.js"
            },
            "udp": {
                "name": "udp",
                "types": [
                    "udp in",
                    "udp out"
                ],
                "enabled": true,
                "local": false,
                "user": false,
                "module": "node-red",
                "file": "/usr/src/node-red/node_modules/@node-red/nodes/core/network/32-udp.js"
            },
            "CSV": {
                "name": "CSV",
                "types": [
                    "csv"
                ],
                "enabled": true,
                "local": false,
                "user": false,
                "module": "node-red",
                "file": "/usr/src/node-red/node_modules/@node-red/nodes/core/parsers/70-CSV.js"
            },
            "HTML": {
                "name": "HTML",
                "types": [
                    "html"
                ],
                "enabled": true,
                "local": false,
                "user": false,
                "module": "node-red",
                "file": "/usr/src/node-red/node_modules/@node-red/nodes/core/parsers/70-HTML.js"
            },
            "JSON": {
                "name": "JSON",
                "types": [
                    "json"
                ],
                "enabled": true,
                "local": false,
                "user": false,
                "module": "node-red",
                "file": "/usr/src/node-red/node_modules/@node-red/nodes/core/parsers/70-JSON.js"
            },
            "XML": {
                "name": "XML",
                "types": [
                    "xml"
                ],
                "enabled": true,
                "local": false,
                "user": false,
                "module": "node-red",
                "file": "/usr/src/node-red/node_modules/@node-red/nodes/core/parsers/70-XML.js"
            },
            "YAML": {
                "name": "YAML",
                "types": [
                    "yaml"
                ],
                "enabled": true,
                "local": false,
                "user": false,
                "module": "node-red",
                "file": "/usr/src/node-red/node_modules/@node-red/nodes/core/parsers/70-YAML.js"
            },
            "split": {
                "name": "split",
                "types": [
                    "split",
                    "join"
                ],
                "enabled": true,
                "local": false,
                "user": false,
                "module": "node-red",
                "file": "/usr/src/node-red/node_modules/@node-red/nodes/core/sequence/17-split.js"
            },
            "sort": {
                "name": "sort",
                "types": [
                    "sort"
                ],
                "enabled": true,
                "local": false,
                "user": false,
                "module": "node-red",
                "file": "/usr/src/node-red/node_modules/@node-red/nodes/core/sequence/18-sort.js"
            },
            "batch": {
                "name": "batch",
                "types": [
                    "batch"
                ],
                "enabled": true,
                "local": false,
                "user": false,
                "module": "node-red",
                "file": "/usr/src/node-red/node_modules/@node-red/nodes/core/sequence/19-batch.js"
            },
            "file": {
                "name": "file",
                "types": [
                    "file",
                    "file in"
                ],
                "enabled": true,
                "local": false,
                "user": false,
                "module": "node-red",
                "file": "/usr/src/node-red/node_modules/@node-red/nodes/core/storage/10-file.js"
            },
            "watch": {
                "name": "watch",
                "types": [
                    "watch"
                ],
                "enabled": true,
                "local": false,
                "user": false,
                "module": "node-red",
                "file": "/usr/src/node-red/node_modules/@node-red/nodes/core/storage/23-watch.js"
            }
        }
    },
    "@meowwolf/node-red-contrib-amqp": {
        "name": "@meowwolf/node-red-contrib-amqp",
        "version": "2.4.2",
        "local": true,
        "user": true,
        "nodes": {
            "amqp-in": {
                "name": "amqp-in",
                "types": [
                    "amqp-in"
                ],
                "enabled": true,
                "local": true,
                "user": false,
                "module": "@meowwolf/node-red-contrib-amqp",
                "file": "/data/node_modules/@meowwolf/node-red-contrib-amqp/build/src/nodes/amqp-in.js"
            },
            "amqp-out": {
                "name": "amqp-out",
                "types": [
                    "amqp-out"
                ],
                "enabled": true,
                "local": true,
                "user": false,
                "module": "@meowwolf/node-red-contrib-amqp",
                "file": "/data/node_modules/@meowwolf/node-red-contrib-amqp/build/src/nodes/amqp-out.js"
            },
            "amqp-broker": {
                "name": "amqp-broker",
                "types": [
                    "amqp-broker"
                ],
                "enabled": true,
                "local": true,
                "user": false,
                "module": "@meowwolf/node-red-contrib-amqp",
                "file": "/data/node_modules/@meowwolf/node-red-contrib-amqp/build/src/nodes/amqp-broker.js"
            },
            "amqp-in-manual-ack": {
                "name": "amqp-in-manual-ack",
                "types": [
                    "amqp-in-manual-ack"
                ],
                "enabled": true,
                "local": true,
                "user": false,
                "module": "@meowwolf/node-red-contrib-amqp",
                "file": "/data/node_modules/@meowwolf/node-red-contrib-amqp/build/src/nodes/amqp-in-manual-ack.js"
            }
        }
    },
    "node-red-contrib-actionflows": {
        "name": "node-red-contrib-actionflows",
        "version": "2.1.2",
        "local": true,
        "user": true,
        "nodes": {
            "actionfilters": {
                "name": "actionfilters",
                "types": [
                    "actionflows",
                    "actionflows_in",
                    "actionflows_out"
                ],
                "enabled": true,
                "local": true,
                "user": false,
                "module": "node-red-contrib-actionflows",
                "file": "/data/node_modules/node-red-contrib-actionflows/actionflows/actionflows.js"
            }
        }
    },
    "node-red-contrib-env": {
        "name": "node-red-contrib-env",
        "version": "1.0.2",
        "local": true,
        "user": true,
        "nodes": {
            "env": {
                "name": "env",
                "types": [
                    "process-env"
                ],
                "enabled": true,
                "local": true,
                "user": false,
                "module": "node-red-contrib-env",
                "file": "/data/node_modules/node-red-contrib-env/nodes/env.js"
            }
        }
    },
    "node-red-contrib-loop-processing": {
        "name": "node-red-contrib-loop-processing",
        "version": "0.5.1",
        "local": true,
        "user": true,
        "nodes": {
            "index-loop": {
                "name": "index-loop",
                "types": [
                    "counter-loop"
                ],
                "enabled": true,
                "local": true,
                "user": false,
                "module": "node-red-contrib-loop-processing",
                "file": "/data/node_modules/node-red-contrib-loop-processing/counter-loop.js"
            },
            "array-loop": {
                "name": "array-loop",
                "types": [
                    "array-loop"
                ],
                "enabled": true,
                "local": true,
                "user": false,
                "module": "node-red-contrib-loop-processing",
                "file": "/data/node_modules/node-red-contrib-loop-processing/array-loop.js"
            },
            "while-loop": {
                "name": "while-loop",
                "types": [
                    "while-loop"
                ],
                "enabled": true,
                "local": true,
                "user": false,
                "module": "node-red-contrib-loop-processing",
                "file": "/data/node_modules/node-red-contrib-loop-processing/while-loop.js"
            }
        }
    },
    "node-red-contrib-loop": {
        "name": "node-red-contrib-loop",
        "version": "1.0.1",
        "local": true,
        "user": true,
        "nodes": {
            "loop": {
                "name": "loop",
                "types": [
                    "loop"
                ],
                "enabled": true,
                "local": true,
                "user": false,
                "module": "node-red-contrib-loop",
                "file": "/data/node_modules/node-red-contrib-loop/loop.js"
            }
        }
    },
    "node-red-contrib-elasticsearch-jupalcf": {
        "name": "node-red-contrib-elasticsearch-jupalcf",
        "version": "1.1.24",
        "local": true,
        "user": true,
        "nodes": {
            "elasticsearch-config": {
                "name": "elasticsearch-config",
                "types": [
                    "elasticsearch-config"
                ],
                "enabled": true,
                "local": true,
                "user": false,
                "module": "node-red-contrib-elasticsearch-jupalcf",
                "file": "/data/node_modules/node-red-contrib-elasticsearch-jupalcf/elasticsearch/elasticsearch-config.js"
            },
            "elasticsearch-get": {
                "name": "elasticsearch-get",
                "types": [
                    "elasticsearch-get"
                ],
                "enabled": true,
                "local": true,
                "user": false,
                "module": "node-red-contrib-elasticsearch-jupalcf",
                "file": "/data/node_modules/node-red-contrib-elasticsearch-jupalcf/elasticsearch/elasticsearch-get.js"
            },
            "elasticsearch-search": {
                "name": "elasticsearch-search",
                "types": [
                    "elasticsearch-search"
                ],
                "enabled": true,
                "local": true,
                "user": false,
                "module": "node-red-contrib-elasticsearch-jupalcf",
                "file": "/data/node_modules/node-red-contrib-elasticsearch-jupalcf/elasticsearch/elasticsearch-search.js"
            },
            "elasticsearch-bulk": {
                "name": "elasticsearch-bulk",
                "types": [
                    "elasticsearch-bulk"
                ],
                "enabled": true,
                "local": true,
                "user": false,
                "module": "node-red-contrib-elasticsearch-jupalcf",
                "file": "/data/node_modules/node-red-contrib-elasticsearch-jupalcf/elasticsearch/elasticsearch-bulk.js"
            },
            "elasticsearch-create-index": {
                "name": "elasticsearch-create-index",
                "types": [
                    "elasticsearch-create-index"
                ],
                "enabled": true,
                "local": true,
                "user": false,
                "module": "node-red-contrib-elasticsearch-jupalcf",
                "file": "/data/node_modules/node-red-contrib-elasticsearch-jupalcf/elasticsearch/elasticsearch-create-index.js"
            },
            "elasticsearch-index": {
                "name": "elasticsearch-index",
                "types": [
                    "elasticsearch-index"
                ],
                "enabled": true,
                "local": true,
                "user": false,
                "module": "node-red-contrib-elasticsearch-jupalcf",
                "file": "/data/node_modules/node-red-contrib-elasticsearch-jupalcf/elasticsearch/elasticsearch-index.js"
            },
            "elasticsearch-update": {
                "name": "elasticsearch-update",
                "types": [
                    "elasticsearch-update"
                ],
                "enabled": true,
                "local": true,
                "user": false,
                "module": "node-red-contrib-elasticsearch-jupalcf",
                "file": "/data/node_modules/node-red-contrib-elasticsearch-jupalcf/elasticsearch/elasticsearch-update.js"
            },
            "elasticsearch-index-exists": {
                "name": "elasticsearch-index-exists",
                "types": [
                    "elasticsearch-index-exists"
                ],
                "enabled": true,
                "local": true,
                "user": false,
                "module": "node-red-contrib-elasticsearch-jupalcf",
                "file": "/data/node_modules/node-red-contrib-elasticsearch-jupalcf/elasticsearch/elasticsearch-index-exists.js"
            },
            "elasticsearch-refresh-index": {
                "name": "elasticsearch-refresh-index",
                "types": [
                    "elasticsearch-refresh-index"
                ],
                "enabled": true,
                "local": true,
                "user": false,
                "module": "node-red-contrib-elasticsearch-jupalcf",
                "file": "/data/node_modules/node-red-contrib-elasticsearch-jupalcf/elasticsearch/elasticsearch-refresh-index.js"
            },
            "elasticsearch-delete": {
                "name": "elasticsearch-delete",
                "types": [
                    "elasticsearch-delete"
                ],
                "enabled": true,
                "local": true,
                "user": false,
                "module": "node-red-contrib-elasticsearch-jupalcf",
                "file": "/data/node_modules/node-red-contrib-elasticsearch-jupalcf/elasticsearch/elasticsearch-delete.js"
            },
            "elasticsearch-deleteByQuery": {
                "name": "elasticsearch-deleteByQuery",
                "types": [
                    "elasticsearch-deleteByQuery"
                ],
                "enabled": true,
                "local": true,
                "user": false,
                "module": "node-red-contrib-elasticsearch-jupalcf",
                "file": "/data/node_modules/node-red-contrib-elasticsearch-jupalcf/elasticsearch/elasticsearch-deleteByQuery.js"
            }
        }
    },
    "@reggae_ulli/node-red-contrib-minio-all-fix": {
        "name": "@reggae_ulli/node-red-contrib-minio-all-fix",
        "version": "0.0.4",
        "local": true,
        "user": true,
        "nodes": {
            "minio-config": {
                "name": "minio-config",
                "types": [
                    "minio-config"
                ],
                "enabled": true,
                "local": true,
                "user": false,
                "module": "@reggae_ulli/node-red-contrib-minio-all-fix",
                "file": "/data/node_modules/@reggae_ulli/node-red-contrib-minio-all-fix/minio-fix/minio-config.js"
            },
            "bucket operations": {
                "name": "bucket operations",
                "types": [
                    "buckets"
                ],
                "enabled": true,
                "local": true,
                "user": false,
                "module": "@reggae_ulli/node-red-contrib-minio-all-fix",
                "file": "/data/node_modules/@reggae_ulli/node-red-contrib-minio-all-fix/minio-fix/buckets.js"
            },
            "file object operations": {
                "name": "file object operations",
                "types": [
                    "files"
                ],
                "enabled": true,
                "local": true,
                "user": false,
                "module": "@reggae_ulli/node-red-contrib-minio-all-fix",
                "file": "/data/node_modules/@reggae_ulli/node-red-contrib-minio-all-fix/minio-fix/files.js"
            },
            "object operations": {
                "name": "object operations",
                "types": [
                    "objects"
                ],
                "enabled": true,
                "local": true,
                "user": false,
                "module": "@reggae_ulli/node-red-contrib-minio-all-fix",
                "file": "/data/node_modules/@reggae_ulli/node-red-contrib-minio-all-fix/minio-fix/objects.js"
            },
            "presigned operations": {
                "name": "presigned operations",
                "types": [
                    "presigned"
                ],
                "enabled": true,
                "local": true,
                "user": false,
                "module": "@reggae_ulli/node-red-contrib-minio-all-fix",
                "file": "/data/node_modules/@reggae_ulli/node-red-contrib-minio-all-fix/minio-fix/presigned.js"
            },
            "bucket notification operations": {
                "name": "bucket notification operations",
                "types": [
                    "notifications"
                ],
                "enabled": true,
                "local": true,
                "user": false,
                "module": "@reggae_ulli/node-red-contrib-minio-all-fix",
                "file": "/data/node_modules/@reggae_ulli/node-red-contrib-minio-all-fix/minio-fix/notifications.js"
            },
            "bucket policy operations": {
                "name": "bucket policy operations",
                "types": [
                    "policies"
                ],
                "enabled": true,
                "local": true,
                "user": false,
                "module": "@reggae_ulli/node-red-contrib-minio-all-fix",
                "file": "/data/node_modules/@reggae_ulli/node-red-contrib-minio-all-fix/minio-fix/policies.js"
            }
        }
    }
}